provider_id,date,available
PR001,2026-06-01,False
PR001,2026-06-02,False
PR001,2026-06-03,True
PR001,2026-06-04,True
PR001,2026-06-05,False
PR001,2026-06-06,True
PR001,2026-06-07,True
PR001,2026-06-08,True
PR001,2026-06-09,False
PR001,2026-06-10,False
PR001,2026-06-11,False
PR001,2026-06-12,False
PR001,2026-06-13,True
PR001,2026-06-14,False
PR001,2026-06-15,True
PR001,2026-06-16,False
PR001,2026-06-17,False
PR001,2026-06-18,False
PR001,2026-06-19,False
PR001,2026-06-20,False
PR001,2026-06-21,False
PR001,2026-06-22,True
PR001,2026-06-23,True
PR001,2026-06-24,True
PR001,2026-06-25,True
PR001,2026-06-26,True
PR001,2026-06-27,True
PR001,2026-06-28,True
PR001,2026-06-29,False
PR001,2026-06-30,True
PR001,2026-07-01,True
PR001,2026-07-02,True
PR001,2026-07-03,True
PR001,2026-07-04,False
PR001,2026-07-05,False
PR001,2026-07-06,False
PR001,2026-07-07,True
PR001,2026-07-08,False
PR001,2026-07-09,True
PR001,2026-07-10,True
PR001,2026-07-11,False
PR001,2026-07-12,False
PR001,2026-07-13,False
PR001,2026-07-14,False
PR001,2026-07-15,False
PR001,2026-07-16,False
PR001,2026-07-17,True
PR001,2026-07-18,True
PR001,2026-07-19,True
PR001,2026-07-20,True
PR001,2026-07-21,True
PR001,2026-07-22,False
PR001,2026-07-23,False
PR001,2026-07-24,True
PR001,2026-07-25,False
PR001,2026-07-26,True
PR001,2026-07-27,False
PR001,2026-07-28,True
PR001,2026-07-29,True
PR001,2026-07-30,True
PR001,2026-07-31,False
PR001,2026-08-01,True
PR001,2026-08-02,False
PR001,2026-08-03,False
PR001,2026-08-04,True
PR001,2026-08-05,True
PR001,2026-08-06,False
PR001,2026-08-07,True
PR001,2026-08-08,True
PR001,2026-08-09,True
PR001,2026-08-10,True
PR001,2026-08-11,False
PR001,2026-08-12,False
PR001,2026-08-13,True
PR001,2026-08-14,True
PR001,2026-08-15,True
PR001,2026-08-16,False
PR001,2026-08-17,True
PR001,2026-08-18,False
PR001,2026-08-19,False
PR001,2026-08-20,True
PR001,2026-08-21,False
PR001,2026-08-22,False
PR001,2026-08-23,True
PR001,2026-08-24,True
PR001,2026-08-25,False
PR001,2026-08-26,True
PR001,2026-08-27,True
PR001,2026-08-28,True
PR001,2026-08-29,False
PR002,2026-06-01,False
PR002,2026-06-02,True
PR002,2026-06-03,True
PR002,2026-06-04,True
PR002,2026-06-05,False
PR002,2026-06-06,False
PR002,2026-06-07,True
PR002,2026-06-08,False
PR002,2026-06-09,False
PR002,2026-06-10,True
PR002,2026-06-11,False
PR002,2026-06-12,True
PR002,2026-06-13,False
PR002,2026-06-14,True
PR002,2026-06-15,True
PR002,2026-06-16,True
PR002,2026-06-17,True
PR002,2026-06-18,False
PR002,2026-06-19,False
PR002,2026-06-20,False
PR002,2026-06-21,True
PR002,2026-06-22,True
PR002,2026-06-23,False
PR002,2026-06-24,False
PR002,2026-06-25,True
PR002,2026-06-26,True
PR002,2026-06-27,True
PR002,2026-06-28,False
PR002,2026-06-29,False
PR002,2026-06-30,True
PR002,2026-07-01,True
PR002,2026-07-02,True
PR002,2026-07-03,True
PR002,2026-07-04,False
PR002,2026-07-05,True
PR002,2026-07-06,True
PR002,2026-07-07,True
PR002,2026-07-08,False
PR002,2026-07-09,True
PR002,2026-07-10,True
PR002,2026-07-11,False
PR002,2026-07-12,False
PR002,2026-07-13,True
PR002,2026-07-14,True
PR002,2026-07-15,True
PR002,2026-07-16,True
PR002,2026-07-17,True
PR002,2026-07-18,False
PR002,2026-07-19,True
PR002,2026-07-20,True
PR002,2026-07-21,True
PR002,2026-07-22,False
PR002,2026-07-23,True
PR002,2026-07-24,False
PR002,2026-07-25,False
PR002,2026-07-26,True
PR002,2026-07-27,True
PR002,2026-07-28,False
PR002,2026-07-29,True
PR002,2026-07-30,True
PR002,2026-07-31,False
PR002,2026-08-01,False
PR002,2026-08-02,True
PR002,2026-08-03,False
PR002,2026-08-04,False
PR002,2026-08-05,True
PR002,2026-08-06,True
PR002,2026-08-07,True
PR002,2026-08-08,True
PR002,2026-08-09,True
PR002,2026-08-10,False
PR002,2026-08-11,False
PR002,2026-08-12,False
PR002,2026-08-13,True
PR002,2026-08-14,True
PR002,2026-08-15,True
PR002,2026-08-16,False
PR002,2026-08-17,True
PR002,2026-08-18,True
PR002,2026-08-19,True
PR002,2026-08-20,True
PR002,2026-08-21,True
PR002,2026-08-22,True
PR002,2026-08-23,False
PR002,2026-08-24,True
PR002,2026-08-25,False
PR002,2026-08-26,False
PR002,2026-08-27,True
PR002,2026-08-28,False
PR002,2026-08-29,False
PR003,2026-06-01,False
PR003,2026-06-02,False
PR003,2026-06-03,False
PR003,2026-06-04,True
PR003,2026-06-05,True
PR003,2026-06-06,True
PR003,2026-06-07,True
PR003,2026-06-08,True
PR003,2026-06-09,True
PR003,2026-06-10,False
PR003,2026-06-11,True
PR003,2026-06-12,False
PR003,2026-06-13,True
PR003,2026-06-14,True
PR003,2026-06-15,False
PR003,2026-06-16,False
PR003,2026-06-17,False
PR003,2026-06-18,False
PR003,2026-06-19,True
PR003,2026-06-20,True
PR003,2026-06-21,False
PR003,2026-06-22,False
PR003,2026-06-23,True
PR003,2026-06-24,False
PR003,2026-06-25,True
PR003,2026-06-26,False
PR003,2026-06-27,True
PR003,2026-06-28,False
PR003,2026-06-29,True
PR003,2026-06-30,False
PR003,2026-07-01,True
PR003,2026-07-02,True
PR003,2026-07-03,False
PR003,2026-07-04,False
PR003,2026-07-05,True
PR003,2026-07-06,True
PR003,2026-07-07,False
PR003,2026-07-08,True
PR003,2026-07-09,False
PR003,2026-07-10,False
PR003,2026-07-11,True
PR003,2026-07-12,False
PR003,2026-07-13,True
PR003,2026-07-14,False
PR003,2026-07-15,True
PR003,2026-07-16,False
PR003,2026-07-17,True
PR003,2026-07-18,True
PR003,2026-07-19,False
PR003,2026-07-20,True
PR003,2026-07-21,True
PR003,2026-07-22,False
PR003,2026-07-23,True
PR003,2026-07-24,True
PR003,2026-07-25,False
PR003,2026-07-26,False
PR003,2026-07-27,True
PR003,2026-07-28,True
PR003,2026-07-29,True
PR003,2026-07-30,False
PR003,2026-07-31,False
PR003,2026-08-01,False
PR003,2026-08-02,True
PR003,2026-08-03,True
PR003,2026-08-04,False
PR003,2026-08-05,False
PR003,2026-08-06,False
PR003,2026-08-07,False
PR003,2026-08-08,False
PR003,2026-08-09,True
PR003,2026-08-10,False
PR003,2026-08-11,True
PR003,2026-08-12,False
PR003,2026-08-13,False
PR003,2026-08-14,True
PR003,2026-08-15,True
PR003,2026-08-16,True
PR003,2026-08-17,False
PR003,2026-08-18,True
PR003,2026-08-19,False
PR003,2026-08-20,False
PR003,2026-08-21,True
PR003,2026-08-22,False
PR003,2026-08-23,True
PR003,2026-08-24,True
PR003,2026-08-25,False
PR003,2026-08-26,False
PR003,2026-08-27,True
PR003,2026-08-28,True
PR003,2026-08-29,True
PR004,2026-06-01,True
PR004,2026-06-02,False
PR004,2026-06-03,False
PR004,2026-06-04,True
PR004,2026-06-05,False
PR004,2026-06-06,False
PR004,2026-06-07,True
PR004,2026-06-08,True
PR004,2026-06-09,True
PR004,2026-06-10,False
PR004,2026-06-11,False
PR004,2026-06-12,True
PR004,2026-06-13,False
PR004,2026-06-14,False
PR004,2026-06-15,True
PR004,2026-06-16,True
PR004,2026-06-17,True
PR004,2026-06-18,False
PR004,2026-06-19,False
PR004,2026-06-20,False
PR004,2026-06-21,False
PR004,2026-06-22,True
PR004,2026-06-23,True
PR004,2026-06-24,True
PR004,2026-06-25,False
PR004,2026-06-26,False
PR004,2026-06-27,True
PR004,2026-06-28,False
PR004,2026-06-29,True
PR004,2026-06-30,False
PR004,2026-07-01,False
PR004,2026-07-02,False
PR004,2026-07-03,False
PR004,2026-07-04,False
PR004,2026-07-05,True
PR004,2026-07-06,False
PR004,2026-07-07,True
PR004,2026-07-08,False
PR004,2026-07-09,False
PR004,2026-07-10,False
PR004,2026-07-11,False
PR004,2026-07-12,True
PR004,2026-07-13,False
PR004,2026-07-14,True
PR004,2026-07-15,False
PR004,2026-07-16,False
PR004,2026-07-17,True
PR004,2026-07-18,False
PR004,2026-07-19,True
PR004,2026-07-20,True
PR004,2026-07-21,False
PR004,2026-07-22,True
PR004,2026-07-23,True
PR004,2026-07-24,True
PR004,2026-07-25,True
PR004,2026-07-26,False
PR004,2026-07-27,False
PR004,2026-07-28,True
PR004,2026-07-29,False
PR004,2026-07-30,True
PR004,2026-07-31,False
PR004,2026-08-01,True
PR004,2026-08-02,False
PR004,2026-08-03,True
PR004,2026-08-04,False
PR004,2026-08-05,True
PR004,2026-08-06,False
PR004,2026-08-07,True
PR004,2026-08-08,True
PR004,2026-08-09,True
PR004,2026-08-10,False
PR004,2026-08-11,True
PR004,2026-08-12,False
PR004,2026-08-13,True
PR004,2026-08-14,True
PR004,2026-08-15,False
PR004,2026-08-16,True
PR004,2026-08-17,False
PR004,2026-08-18,True
PR004,2026-08-19,False
PR004,2026-08-20,True
PR004,2026-08-21,False
PR004,2026-08-22,False
PR004,2026-08-23,False
PR004,2026-08-24,True
PR004,2026-08-25,True
PR004,2026-08-26,False
PR004,2026-08-27,True
PR004,2026-08-28,True
PR004,2026-08-29,False
PR005,2026-06-01,True
PR005,2026-06-02,True
PR005,2026-06-03,True
PR005,2026-06-04,True
PR005,2026-06-05,True
PR005,2026-06-06,True
PR005,2026-06-07,True
PR005,2026-06-08,True
PR005,2026-06-09,False
PR005,2026-06-10,True
PR005,2026-06-11,True
PR005,2026-06-12,True
PR005,2026-06-13,True
PR005,2026-06-14,True
PR005,2026-06-15,True
PR005,2026-06-16,True
PR005,2026-06-17,True
PR005,2026-06-18,True
PR005,2026-06-19,True
PR005,2026-06-20,True
PR005,2026-06-21,True
PR005,2026-06-22,True
PR005,2026-06-23,True
PR005,2026-06-24,True
PR005,2026-06-25,True
PR005,2026-06-26,True
PR005,2026-06-27,True
PR005,2026-06-28,True
PR005,2026-06-29,True
PR005,2026-06-30,True
PR005,2026-07-01,True
PR005,2026-07-02,True
PR005,2026-07-03,True
PR005,2026-07-04,True
PR005,2026-07-05,True
PR005,2026-07-06,True
PR005,2026-07-07,True
PR005,2026-07-08,True
PR005,2026-07-09,True
PR005,2026-07-10,True
PR005,2026-07-11,True
PR005,2026-07-12,True
PR005,2026-07-13,True
PR005,2026-07-14,True
PR005,2026-07-15,True
PR005,2026-07-16,True
PR005,2026-07-17,True
PR005,2026-07-18,True
PR005,2026-07-19,True
PR005,2026-07-20,True
PR005,2026-07-21,True
PR005,2026-07-22,True
PR005,2026-07-23,True
PR005,2026-07-24,False
PR005,2026-07-25,True
PR005,2026-07-26,True
PR005,2026-07-27,True
PR005,2026-07-28,True
PR005,2026-07-29,True
PR005,2026-07-30,True
PR005,2026-07-31,True
PR005,2026-08-01,False
PR005,2026-08-02,True
PR005,2026-08-03,False
PR005,2026-08-04,True
PR005,2026-08-05,True
PR005,2026-08-06,True
PR005,2026-08-07,True
PR005,2026-08-08,True
PR005,2026-08-09,True
PR005,2026-08-10,True
PR005,2026-08-11,True
PR005,2026-08-12,True
PR005,2026-08-13,True
PR005,2026-08-14,True
PR005,2026-08-15,True
PR005,2026-08-16,True
PR005,2026-08-17,True
PR005,2026-08-18,True
PR005,2026-08-19,True
PR005,2026-08-20,True
PR005,2026-08-21,True
PR005,2026-08-22,True
PR005,2026-08-23,True
PR005,2026-08-24,True
PR005,2026-08-25,True
PR005,2026-08-26,True
PR005,2026-08-27,True
PR005,2026-08-28,True
PR005,2026-08-29,True
PR006,2026-06-01,True
PR006,2026-06-02,True
PR006,2026-06-03,True
PR006,2026-06-04,True
PR006,2026-06-05,True
PR006,2026-06-06,True
PR006,2026-06-07,True
PR006,2026-06-08,True
PR006,2026-06-09,True
PR006,2026-06-10,True
PR006,2026-06-11,True
PR006,2026-06-12,True
PR006,2026-06-13,True
PR006,2026-06-14,True
PR006,2026-06-15,True
PR006,2026-06-16,False
PR006,2026-06-17,True
PR006,2026-06-18,True
PR006,2026-06-19,True
PR006,2026-06-20,True
PR006,2026-06-21,True
PR006,2026-06-22,True
PR006,2026-06-23,True
PR006,2026-06-24,True
PR006,2026-06-25,True
PR006,2026-06-26,True
PR006,2026-06-27,True
PR006,2026-06-28,True
PR006,2026-06-29,True
PR006,2026-06-30,True
PR006,2026-07-01,True
PR006,2026-07-02,True
PR006,2026-07-03,True
PR006,2026-07-04,True
PR006,2026-07-05,True
PR006,2026-07-06,True
PR006,2026-07-07,True
PR006,2026-07-08,True
PR006,2026-07-09,True
PR006,2026-07-10,True
PR006,2026-07-11,True
PR006,2026-07-12,True
PR006,2026-07-13,True
PR006,2026-07-14,True
PR006,2026-07-15,True
PR006,2026-07-16,True
PR006,2026-07-17,True
PR006,2026-07-18,True
PR006,2026-07-19,True
PR006,2026-07-20,True
PR006,2026-07-21,False
PR006,2026-07-22,True
PR006,2026-07-23,True
PR006,2026-07-24,True
PR006,2026-07-25,True
PR006,2026-07-26,True
PR006,2026-07-27,False
PR006,2026-07-28,True
PR006,2026-07-29,True
PR006,2026-07-30,True
PR006,2026-07-31,True
PR006,2026-08-01,True
PR006,2026-08-02,True
PR006,2026-08-03,True
PR006,2026-08-04,True
PR006,2026-08-05,True
PR006,2026-08-06,True
PR006,2026-08-07,True
PR006,2026-08-08,True
PR006,2026-08-09,True
PR006,2026-08-10,True
PR006,2026-08-11,False
PR006,2026-08-12,True
PR006,2026-08-13,True
PR006,2026-08-14,True
PR006,2026-08-15,True
PR006,2026-08-16,False
PR006,2026-08-17,True
PR006,2026-08-18,True
PR006,2026-08-19,True
PR006,2026-08-20,True
PR006,2026-08-21,True
PR006,2026-08-22,True
PR006,2026-08-23,True
PR006,2026-08-24,True
PR006,2026-08-25,True
PR006,2026-08-26,True
PR006,2026-08-27,False
PR006,2026-08-28,True
PR006,2026-08-29,True
PR007,2026-06-01,True
PR007,2026-06-02,True
PR007,2026-06-03,True
PR007,2026-06-04,True
PR007,2026-06-05,True
PR007,2026-06-06,True
PR007,2026-06-07,True
PR007,2026-06-08,False
PR007,2026-06-09,True
PR007,2026-06-10,True
PR007,2026-06-11,True
PR007,2026-06-12,True
PR007,2026-06-13,True
PR007,2026-06-14,False
PR007,2026-06-15,True
PR007,2026-06-16,True
PR007,2026-06-17,True
PR007,2026-06-18,True
PR007,2026-06-19,True
PR007,2026-06-20,True
PR007,2026-06-21,True
PR007,2026-06-22,True
PR007,2026-06-23,True
PR007,2026-06-24,True
PR007,2026-06-25,True
PR007,2026-06-26,True
PR007,2026-06-27,True
PR007,2026-06-28,True
PR007,2026-06-29,True
PR007,2026-06-30,True
PR007,2026-07-01,True
PR007,2026-07-02,True
PR007,2026-07-03,True
PR007,2026-07-04,True
PR007,2026-07-05,True
PR007,2026-07-06,True
PR007,2026-07-07,True
PR007,2026-07-08,True
PR007,2026-07-09,True
PR007,2026-07-10,False
PR007,2026-07-11,True
PR007,2026-07-12,True
PR007,2026-07-13,True
PR007,2026-07-14,True
PR007,2026-07-15,True
PR007,2026-07-16,True
PR007,2026-07-17,True
PR007,2026-07-18,True
PR007,2026-07-19,True
PR007,2026-07-20,True
PR007,2026-07-21,True
PR007,2026-07-22,True
PR007,2026-07-23,True
PR007,2026-07-24,True
PR007,2026-07-25,True
PR007,2026-07-26,True
PR007,2026-07-27,True
PR007,2026-07-28,True
PR007,2026-07-29,True
PR007,2026-07-30,True
PR007,2026-07-31,True
PR007,2026-08-01,True
PR007,2026-08-02,True
PR007,2026-08-03,True
PR007,2026-08-04,True
PR007,2026-08-05,True
PR007,2026-08-06,True
PR007,2026-08-07,True
PR007,2026-08-08,True
PR007,2026-08-09,True
PR007,2026-08-10,False
PR007,2026-08-11,True
PR007,2026-08-12,True
PR007,2026-08-13,True
PR007,2026-08-14,True
PR007,2026-08-15,True
PR007,2026-08-16,True
PR007,2026-08-17,True
PR007,2026-08-18,True
PR007,2026-08-19,True
PR007,2026-08-20,False
PR007,2026-08-21,True
PR007,2026-08-22,True
PR007,2026-08-23,True
PR007,2026-08-24,True
PR007,2026-08-25,True
PR007,2026-08-26,True
PR007,2026-08-27,True
PR007,2026-08-28,True
PR007,2026-08-29,True
PR008,2026-06-01,True
PR008,2026-06-02,True
PR008,2026-06-03,False
PR008,2026-06-04,True
PR008,2026-06-05,False
PR008,2026-06-06,True
PR008,2026-06-07,True
PR008,2026-06-08,False
PR008,2026-06-09,True
PR008,2026-06-10,True
PR008,2026-06-11,False
PR008,2026-06-12,True
PR008,2026-06-13,False
PR008,2026-06-14,True
PR008,2026-06-15,False
PR008,2026-06-16,False
PR008,2026-06-17,False
PR008,2026-06-18,True
PR008,2026-06-19,True
PR008,2026-06-20,True
PR008,2026-06-21,True
PR008,2026-06-22,False
PR008,2026-06-23,False
PR008,2026-06-24,True
PR008,2026-06-25,False
PR008,2026-06-26,False
PR008,2026-06-27,False
PR008,2026-06-28,False
PR008,2026-06-29,True
PR008,2026-06-30,True
PR008,2026-07-01,False
PR008,2026-07-02,True
PR008,2026-07-03,True
PR008,2026-07-04,True
PR008,2026-07-05,True
PR008,2026-07-06,True
PR008,2026-07-07,False
PR008,2026-07-08,True
PR008,2026-07-09,True
PR008,2026-07-10,False
PR008,2026-07-11,False
PR008,2026-07-12,True
PR008,2026-07-13,False
PR008,2026-07-14,False
PR008,2026-07-15,False
PR008,2026-07-16,False
PR008,2026-07-17,False
PR008,2026-07-18,False
PR008,2026-07-19,True
PR008,2026-07-20,True
PR008,2026-07-21,False
PR008,2026-07-22,False
PR008,2026-07-23,False
PR008,2026-07-24,True
PR008,2026-07-25,True
PR008,2026-07-26,True
PR008,2026-07-27,False
PR008,2026-07-28,False
PR008,2026-07-29,True
PR008,2026-07-30,True
PR008,2026-07-31,False
PR008,2026-08-01,False
PR008,2026-08-02,False
PR008,2026-08-03,True
PR008,2026-08-04,True
PR008,2026-08-05,True
PR008,2026-08-06,True
PR008,2026-08-07,True
PR008,2026-08-08,True
PR008,2026-08-09,True
PR008,2026-08-10,True
PR008,2026-08-11,False
PR008,2026-08-12,False
PR008,2026-08-13,False
PR008,2026-08-14,False
PR008,2026-08-15,False
PR008,2026-08-16,False
PR008,2026-08-17,True
PR008,2026-08-18,True
PR008,2026-08-19,False
PR008,2026-08-20,True
PR008,2026-08-21,False
PR008,2026-08-22,False
PR008,2026-08-23,True
PR008,2026-08-24,False
PR008,2026-08-25,False
PR008,2026-08-26,True
PR008,2026-08-27,True
PR008,2026-08-28,True
PR008,2026-08-29,True
PR009,2026-06-01,False
PR009,2026-06-02,False
PR009,2026-06-03,True
PR009,2026-06-04,False
PR009,2026-06-05,True
PR009,2026-06-06,False
PR009,2026-06-07,False
PR009,2026-06-08,False
PR009,2026-06-09,True
PR009,2026-06-10,True
PR009,2026-06-11,True
PR009,2026-06-12,False
PR009,2026-06-13,True
PR009,2026-06-14,True
PR009,2026-06-15,False
PR009,2026-06-16,False
PR009,2026-06-17,True
PR009,2026-06-18,True
PR009,2026-06-19,True
PR009,2026-06-20,True
PR009,2026-06-21,False
PR009,2026-06-22,False
PR009,2026-06-23,False
PR009,2026-06-24,True
PR009,2026-06-25,True
PR009,2026-06-26,False
PR009,2026-06-27,True
PR009,2026-06-28,False
PR009,2026-06-29,True
PR009,2026-06-30,False
PR009,2026-07-01,False
PR009,2026-07-02,True
PR009,2026-07-03,True
PR009,2026-07-04,False
PR009,2026-07-05,False
PR009,2026-07-06,True
PR009,2026-07-07,False
PR009,2026-07-08,False
PR009,2026-07-09,True
PR009,2026-07-10,True
PR009,2026-07-11,False
PR009,2026-07-12,True
PR009,2026-07-13,False
PR009,2026-07-14,True
PR009,2026-07-15,True
PR009,2026-07-16,False
PR009,2026-07-17,False
PR009,2026-07-18,True
PR009,2026-07-19,False
PR009,2026-07-20,True
PR009,2026-07-21,False
PR009,2026-07-22,True
PR009,2026-07-23,False
PR009,2026-07-24,False
PR009,2026-07-25,True
PR009,2026-07-26,False
PR009,2026-07-27,True
PR009,2026-07-28,False
PR009,2026-07-29,True
PR009,2026-07-30,False
PR009,2026-07-31,True
PR009,2026-08-01,True
PR009,2026-08-02,False
PR009,2026-08-03,False
PR009,2026-08-04,True
PR009,2026-08-05,True
PR009,2026-08-06,True
PR009,2026-08-07,True
PR009,2026-08-08,False
PR009,2026-08-09,True
PR009,2026-08-10,True
PR009,2026-08-11,True
PR009,2026-08-12,True
PR009,2026-08-13,False
PR009,2026-08-14,False
PR009,2026-08-15,True
PR009,2026-08-16,False
PR009,2026-08-17,True
PR009,2026-08-18,False
PR009,2026-08-19,False
PR009,2026-08-20,False
PR009,2026-08-21,True
PR009,2026-08-22,False
PR009,2026-08-23,False
PR009,2026-08-24,False
PR009,2026-08-25,True
PR009,2026-08-26,True
PR009,2026-08-27,True
PR009,2026-08-28,False
PR009,2026-08-29,False
PR010,2026-06-01,False
PR010,2026-06-02,True
PR010,2026-06-03,True
PR010,2026-06-04,True
PR010,2026-06-05,False
PR010,2026-06-06,True
PR010,2026-06-07,False
PR010,2026-06-08,True
PR010,2026-06-09,True
PR010,2026-06-10,False
PR010,2026-06-11,True
PR010,2026-06-12,False
PR010,2026-06-13,False
PR010,2026-06-14,False
PR010,2026-06-15,False
PR010,2026-06-16,False
PR010,2026-06-17,True
PR010,2026-06-18,True
PR010,2026-06-19,False
PR010,2026-06-20,False
PR010,2026-06-21,False
PR010,2026-06-22,True
PR010,2026-06-23,True
PR010,2026-06-24,False
PR010,2026-06-25,False
PR010,2026-06-26,False
PR010,2026-06-27,False
PR010,2026-06-28,True
PR010,2026-06-29,True
PR010,2026-06-30,False
PR010,2026-07-01,False
PR010,2026-07-02,True
PR010,2026-07-03,False
PR010,2026-07-04,False
PR010,2026-07-05,True
PR010,2026-07-06,False
PR010,2026-07-07,True
PR010,2026-07-08,True
PR010,2026-07-09,True
PR010,2026-07-10,True
PR010,2026-07-11,False
PR010,2026-07-12,False
PR010,2026-07-13,True
PR010,2026-07-14,True
PR010,2026-07-15,False
PR010,2026-07-16,False
PR010,2026-07-17,True
PR010,2026-07-18,False
PR010,2026-07-19,True
PR010,2026-07-20,True
PR010,2026-07-21,True
PR010,2026-07-22,True
PR010,2026-07-23,True
PR010,2026-07-24,False
PR010,2026-07-25,False
PR010,2026-07-26,False
PR010,2026-07-27,True
PR010,2026-07-28,True
PR010,2026-07-29,True
PR010,2026-07-30,False
PR010,2026-07-31,False
PR010,2026-08-01,True
PR010,2026-08-02,True
PR010,2026-08-03,False
PR010,2026-08-04,True
PR010,2026-08-05,True
PR010,2026-08-06,True
PR010,2026-08-07,True
PR010,2026-08-08,False
PR010,2026-08-09,False
PR010,2026-08-10,False
PR010,2026-08-11,True
PR010,2026-08-12,False
PR010,2026-08-13,False
PR010,2026-08-14,True
PR010,2026-08-15,False
PR010,2026-08-16,False
PR010,2026-08-17,False
PR010,2026-08-18,True
PR010,2026-08-19,False
PR010,2026-08-20,True
PR010,2026-08-21,False
PR010,2026-08-22,True
PR010,2026-08-23,False
PR010,2026-08-24,False
PR010,2026-08-25,True
PR010,2026-08-26,False
PR010,2026-08-27,False
PR010,2026-08-28,False
PR010,2026-08-29,False
PR011,2026-06-01,False
PR011,2026-06-02,False
PR011,2026-06-03,False
PR011,2026-06-04,False
PR011,2026-06-05,False
PR011,2026-06-06,True
PR011,2026-06-07,True
PR011,2026-06-08,False
PR011,2026-06-09,False
PR011,2026-06-10,True
PR011,2026-06-11,True
PR011,2026-06-12,False
PR011,2026-06-13,True
PR011,2026-06-14,True
PR011,2026-06-15,True
PR011,2026-06-16,False
PR011,2026-06-17,True
PR011,2026-06-18,False
PR011,2026-06-19,False
PR011,2026-06-20,True
PR011,2026-06-21,False
PR011,2026-06-22,True
PR011,2026-06-23,False
PR011,2026-06-24,False
PR011,2026-06-25,True
PR011,2026-06-26,True
PR011,2026-06-27,False
PR011,2026-06-28,True
PR011,2026-06-29,False
PR011,2026-06-30,False
PR011,2026-07-01,False
PR011,2026-07-02,False
PR011,2026-07-03,False
PR011,2026-07-04,False
PR011,2026-07-05,True
PR011,2026-07-06,False
PR011,2026-07-07,True
PR011,2026-07-08,True
PR011,2026-07-09,True
PR011,2026-07-10,False
PR011,2026-07-11,False
PR011,2026-07-12,False
PR011,2026-07-13,False
PR011,2026-07-14,False
PR011,2026-07-15,True
PR011,2026-07-16,True
PR011,2026-07-17,True
PR011,2026-07-18,False
PR011,2026-07-19,False
PR011,2026-07-20,False
PR011,2026-07-21,True
PR011,2026-07-22,True
PR011,2026-07-23,False
PR011,2026-07-24,False
PR011,2026-07-25,True
PR011,2026-07-26,True
PR011,2026-07-27,True
PR011,2026-07-28,False
PR011,2026-07-29,True
PR011,2026-07-30,True
PR011,2026-07-31,True
PR011,2026-08-01,False
PR011,2026-08-02,True
PR011,2026-08-03,True
PR011,2026-08-04,False
PR011,2026-08-05,False
PR011,2026-08-06,False
PR011,2026-08-07,True
PR011,2026-08-08,False
PR011,2026-08-09,True
PR011,2026-08-10,True
PR011,2026-08-11,True
PR011,2026-08-12,True
PR011,2026-08-13,True
PR011,2026-08-14,False
PR011,2026-08-15,True
PR011,2026-08-16,True
PR011,2026-08-17,True
PR011,2026-08-18,False
PR011,2026-08-19,False
PR011,2026-08-20,True
PR011,2026-08-21,False
PR011,2026-08-22,True
PR011,2026-08-23,False
PR011,2026-08-24,True
PR011,2026-08-25,True
PR011,2026-08-26,True
PR011,2026-08-27,True
PR011,2026-08-28,False
PR011,2026-08-29,True
PR012,2026-06-01,False
PR012,2026-06-02,False
PR012,2026-06-03,False
PR012,2026-06-04,True
PR012,2026-06-05,False
PR012,2026-06-06,True
PR012,2026-06-07,True
PR012,2026-06-08,False
PR012,2026-06-09,True
PR012,2026-06-10,False
PR012,2026-06-11,True
PR012,2026-06-12,True
PR012,2026-06-13,False
PR012,2026-06-14,True
PR012,2026-06-15,True
PR012,2026-06-16,False
PR012,2026-06-17,True
PR012,2026-06-18,False
PR012,2026-06-19,True
PR012,2026-06-20,True
PR012,2026-06-21,True
PR012,2026-06-22,True
PR012,2026-06-23,False
PR012,2026-06-24,True
PR012,2026-06-25,True
PR012,2026-06-26,False
PR012,2026-06-27,True
PR012,2026-06-28,True
PR012,2026-06-29,True
PR012,2026-06-30,True
PR012,2026-07-01,False
PR012,2026-07-02,True
PR012,2026-07-03,False
PR012,2026-07-04,True
PR012,2026-07-05,False
PR012,2026-07-06,True
PR012,2026-07-07,True
PR012,2026-07-08,True
PR012,2026-07-09,False
PR012,2026-07-10,True
PR012,2026-07-11,False
PR012,2026-07-12,False
PR012,2026-07-13,True
PR012,2026-07-14,True
PR012,2026-07-15,False
PR012,2026-07-16,True
PR012,2026-07-17,True
PR012,2026-07-18,True
PR012,2026-07-19,False
PR012,2026-07-20,True
PR012,2026-07-21,False
PR012,2026-07-22,True
PR012,2026-07-23,True
PR012,2026-07-24,False
PR012,2026-07-25,True
PR012,2026-07-26,True
PR012,2026-07-27,False
PR012,2026-07-28,True
PR012,2026-07-29,True
PR012,2026-07-30,False
PR012,2026-07-31,True
PR012,2026-08-01,True
PR012,2026-08-02,False
PR012,2026-08-03,True
PR012,2026-08-04,False
PR012,2026-08-05,False
PR012,2026-08-06,False
PR012,2026-08-07,False
PR012,2026-08-08,False
PR012,2026-08-09,True
PR012,2026-08-10,True
PR012,2026-08-11,True
PR012,2026-08-12,True
PR012,2026-08-13,True
PR012,2026-08-14,True
PR012,2026-08-15,True
PR012,2026-08-16,True
PR012,2026-08-17,False
PR012,2026-08-18,True
PR012,2026-08-19,True
PR012,2026-08-20,False
PR012,2026-08-21,True
PR012,2026-08-22,False
PR012,2026-08-23,True
PR012,2026-08-24,True
PR012,2026-08-25,False
PR012,2026-08-26,False
PR012,2026-08-27,False
PR012,2026-08-28,False
PR012,2026-08-29,False
PR013,2026-06-01,True
PR013,2026-06-02,True
PR013,2026-06-03,True
PR013,2026-06-04,False
PR013,2026-06-05,False
PR013,2026-06-06,False
PR013,2026-06-07,False
PR013,2026-06-08,False
PR013,2026-06-09,False
PR013,2026-06-10,True
PR013,2026-06-11,False
PR013,2026-06-12,True
PR013,2026-06-13,False
PR013,2026-06-14,True
PR013,2026-06-15,True
PR013,2026-06-16,False
PR013,2026-06-17,True
PR013,2026-06-18,False
PR013,2026-06-19,False
PR013,2026-06-20,False
PR013,2026-06-21,False
PR013,2026-06-22,False
PR013,2026-06-23,False
PR013,2026-06-24,False
PR013,2026-06-25,False
PR013,2026-06-26,True
PR013,2026-06-27,False
PR013,2026-06-28,False
PR013,2026-06-29,True
PR013,2026-06-30,True
PR013,2026-07-01,False
PR013,2026-07-02,True
PR013,2026-07-03,True
PR013,2026-07-04,True
PR013,2026-07-05,False
PR013,2026-07-06,False
PR013,2026-07-07,True
PR013,2026-07-08,True
PR013,2026-07-09,False
PR013,2026-07-10,True
PR013,2026-07-11,False
PR013,2026-07-12,True
PR013,2026-07-13,True
PR013,2026-07-14,True
PR013,2026-07-15,True
PR013,2026-07-16,False
PR013,2026-07-17,False
PR013,2026-07-18,False
PR013,2026-07-19,True
PR013,2026-07-20,True
PR013,2026-07-21,True
PR013,2026-07-22,False
PR013,2026-07-23,False
PR013,2026-07-24,True
PR013,2026-07-25,False
PR013,2026-07-26,True
PR013,2026-07-27,True
PR013,2026-07-28,True
PR013,2026-07-29,False
PR013,2026-07-30,True
PR013,2026-07-31,True
PR013,2026-08-01,True
PR013,2026-08-02,False
PR013,2026-08-03,True
PR013,2026-08-04,False
PR013,2026-08-05,True
PR013,2026-08-06,True
PR013,2026-08-07,False
PR013,2026-08-08,True
PR013,2026-08-09,True
PR013,2026-08-10,True
PR013,2026-08-11,True
PR013,2026-08-12,True
PR013,2026-08-13,True
PR013,2026-08-14,True
PR013,2026-08-15,False
PR013,2026-08-16,True
PR013,2026-08-17,True
PR013,2026-08-18,False
PR013,2026-08-19,True
PR013,2026-08-20,False
PR013,2026-08-21,False
PR013,2026-08-22,True
PR013,2026-08-23,False
PR013,2026-08-24,True
PR013,2026-08-25,True
PR013,2026-08-26,False
PR013,2026-08-27,False
PR013,2026-08-28,False
PR013,2026-08-29,False
PR014,2026-06-01,False
PR014,2026-06-02,True
PR014,2026-06-03,True
PR014,2026-06-04,True
PR014,2026-06-05,True
PR014,2026-06-06,False
PR014,2026-06-07,False
PR014,2026-06-08,False
PR014,2026-06-09,False
PR014,2026-06-10,True
PR014,2026-06-11,False
PR014,2026-06-12,True
PR014,2026-06-13,False
PR014,2026-06-14,True
PR014,2026-06-15,True
PR014,2026-06-16,True
PR014,2026-06-17,True
PR014,2026-06-18,True
PR014,2026-06-19,True
PR014,2026-06-20,True
PR014,2026-06-21,True
PR014,2026-06-22,True
PR014,2026-06-23,False
PR014,2026-06-24,True
PR014,2026-06-25,False
PR014,2026-06-26,False
PR014,2026-06-27,False
PR014,2026-06-28,True
PR014,2026-06-29,True
PR014,2026-06-30,True
PR014,2026-07-01,False
PR014,2026-07-02,False
PR014,2026-07-03,False
PR014,2026-07-04,True
PR014,2026-07-05,False
PR014,2026-07-06,True
PR014,2026-07-07,False
PR014,2026-07-08,False
PR014,2026-07-09,True
PR014,2026-07-10,False
PR014,2026-07-11,False
PR014,2026-07-12,False
PR014,2026-07-13,False
PR014,2026-07-14,False
PR014,2026-07-15,False
PR014,2026-07-16,True
PR014,2026-07-17,True
PR014,2026-07-18,True
PR014,2026-07-19,True
PR014,2026-07-20,True
PR014,2026-07-21,True
PR014,2026-07-22,True
PR014,2026-07-23,True
PR014,2026-07-24,True
PR014,2026-07-25,True
PR014,2026-07-26,False
PR014,2026-07-27,True
PR014,2026-07-28,False
PR014,2026-07-29,False
PR014,2026-07-30,False
PR014,2026-07-31,True
PR014,2026-08-01,True
PR014,2026-08-02,False
PR014,2026-08-03,False
PR014,2026-08-04,False
PR014,2026-08-05,True
PR014,2026-08-06,False
PR014,2026-08-07,False
PR014,2026-08-08,True
PR014,2026-08-09,True
PR014,2026-08-10,True
PR014,2026-08-11,True
PR014,2026-08-12,True
PR014,2026-08-13,False
PR014,2026-08-14,True
PR014,2026-08-15,False
PR014,2026-08-16,True
PR014,2026-08-17,True
PR014,2026-08-18,True
PR014,2026-08-19,True
PR014,2026-08-20,True
PR014,2026-08-21,True
PR014,2026-08-22,True
PR014,2026-08-23,True
PR014,2026-08-24,True
PR014,2026-08-25,True
PR014,2026-08-26,True
PR014,2026-08-27,False
PR014,2026-08-28,False
PR014,2026-08-29,False
PR015,2026-06-01,True
PR015,2026-06-02,True
PR015,2026-06-03,False
PR015,2026-06-04,True
PR015,2026-06-05,False
PR015,2026-06-06,False
PR015,2026-06-07,False
PR015,2026-06-08,False
PR015,2026-06-09,True
PR015,2026-06-10,False
PR015,2026-06-11,True
PR015,2026-06-12,True
PR015,2026-06-13,False
PR015,2026-06-14,False
PR015,2026-06-15,True
PR015,2026-06-16,False
PR015,2026-06-17,False
PR015,2026-06-18,True
PR015,2026-06-19,True
PR015,2026-06-20,False
PR015,2026-06-21,False
PR015,2026-06-22,False
PR015,2026-06-23,False
PR015,2026-06-24,False
PR015,2026-06-25,False
PR015,2026-06-26,True
PR015,2026-06-27,False
PR015,2026-06-28,True
PR015,2026-06-29,True
PR015,2026-06-30,True
PR015,2026-07-01,True
PR015,2026-07-02,True
PR015,2026-07-03,False
PR015,2026-07-04,True
PR015,2026-07-05,True
PR015,2026-07-06,True
PR015,2026-07-07,True
PR015,2026-07-08,False
PR015,2026-07-09,True
PR015,2026-07-10,False
PR015,2026-07-11,False
PR015,2026-07-12,False
PR015,2026-07-13,True
PR015,2026-07-14,True
PR015,2026-07-15,False
PR015,2026-07-16,True
PR015,2026-07-17,True
PR015,2026-07-18,True
PR015,2026-07-19,False
PR015,2026-07-20,False
PR015,2026-07-21,False
PR015,2026-07-22,True
PR015,2026-07-23,True
PR015,2026-07-24,True
PR015,2026-07-25,False
PR015,2026-07-26,True
PR015,2026-07-27,True
PR015,2026-07-28,True
PR015,2026-07-29,False
PR015,2026-07-30,True
PR015,2026-07-31,True
PR015,2026-08-01,True
PR015,2026-08-02,False
PR015,2026-08-03,True
PR015,2026-08-04,False
PR015,2026-08-05,True
PR015,2026-08-06,False
PR015,2026-08-07,False
PR015,2026-08-08,True
PR015,2026-08-09,True
PR015,2026-08-10,True
PR015,2026-08-11,True
PR015,2026-08-12,False
PR015,2026-08-13,False
PR015,2026-08-14,False
PR015,2026-08-15,True
PR015,2026-08-16,True
PR015,2026-08-17,False
PR015,2026-08-18,False
PR015,2026-08-19,False
PR015,2026-08-20,True
PR015,2026-08-21,False
PR015,2026-08-22,False
PR015,2026-08-23,True
PR015,2026-08-24,False
PR015,2026-08-25,True
PR015,2026-08-26,False
PR015,2026-08-27,True
PR015,2026-08-28,True
PR015,2026-08-29,False
PR016,2026-06-01,True
PR016,2026-06-02,True
PR016,2026-06-03,True
PR016,2026-06-04,True
PR016,2026-06-05,True
PR016,2026-06-06,True
PR016,2026-06-07,True
PR016,2026-06-08,False
PR016,2026-06-09,True
PR016,2026-06-10,True
PR016,2026-06-11,False
PR016,2026-06-12,False
PR016,2026-06-13,False
PR016,2026-06-14,False
PR016,2026-06-15,True
PR016,2026-06-16,True
PR016,2026-06-17,False
PR016,2026-06-18,False
PR016,2026-06-19,True
PR016,2026-06-20,False
PR016,2026-06-21,True
PR016,2026-06-22,True
PR016,2026-06-23,True
PR016,2026-06-24,True
PR016,2026-06-25,False
PR016,2026-06-26,True
PR016,2026-06-27,False
PR016,2026-06-28,True
PR016,2026-06-29,True
PR016,2026-06-30,True
PR016,2026-07-01,True
PR016,2026-07-02,True
PR016,2026-07-03,True
PR016,2026-07-04,False
PR016,2026-07-05,True
PR016,2026-07-06,True
PR016,2026-07-07,False
PR016,2026-07-08,False
PR016,2026-07-09,True
PR016,2026-07-10,True
PR016,2026-07-11,True
PR016,2026-07-12,True
PR016,2026-07-13,True
PR016,2026-07-14,False
PR016,2026-07-15,True
PR016,2026-07-16,True
PR016,2026-07-17,False
PR016,2026-07-18,True
PR016,2026-07-19,False
PR016,2026-07-20,True
PR016,2026-07-21,True
PR016,2026-07-22,True
PR016,2026-07-23,False
PR016,2026-07-24,False
PR016,2026-07-25,True
PR016,2026-07-26,True
PR016,2026-07-27,False
PR016,2026-07-28,False
PR016,2026-07-29,True
PR016,2026-07-30,True
PR016,2026-07-31,False
PR016,2026-08-01,True
PR016,2026-08-02,False
PR016,2026-08-03,False
PR016,2026-08-04,False
PR016,2026-08-05,False
PR016,2026-08-06,True
PR016,2026-08-07,True
PR016,2026-08-08,True
PR016,2026-08-09,False
PR016,2026-08-10,True
PR016,2026-08-11,False
PR016,2026-08-12,True
PR016,2026-08-13,False
PR016,2026-08-14,False
PR016,2026-08-15,False
PR016,2026-08-16,True
PR016,2026-08-17,False
PR016,2026-08-18,True
PR016,2026-08-19,True
PR016,2026-08-20,True
PR016,2026-08-21,True
PR016,2026-08-22,True
PR016,2026-08-23,False
PR016,2026-08-24,True
PR016,2026-08-25,False
PR016,2026-08-26,True
PR016,2026-08-27,True
PR016,2026-08-28,False
PR016,2026-08-29,True
PR017,2026-06-01,True
PR017,2026-06-02,False
PR017,2026-06-03,False
PR017,2026-06-04,True
PR017,2026-06-05,True
PR017,2026-06-06,True
PR017,2026-06-07,False
PR017,2026-06-08,False
PR017,2026-06-09,False
PR017,2026-06-10,True
PR017,2026-06-11,False
PR017,2026-06-12,True
PR017,2026-06-13,True
PR017,2026-06-14,False
PR017,2026-06-15,True
PR017,2026-06-16,False
PR017,2026-06-17,False
PR017,2026-06-18,True
PR017,2026-06-19,False
PR017,2026-06-20,False
PR017,2026-06-21,True
PR017,2026-06-22,True
PR017,2026-06-23,True
PR017,2026-06-24,False
PR017,2026-06-25,True
PR017,2026-06-26,False
PR017,2026-06-27,True
PR017,2026-06-28,False
PR017,2026-06-29,True
PR017,2026-06-30,True
PR017,2026-07-01,False
PR017,2026-07-02,True
PR017,2026-07-03,False
PR017,2026-07-04,True
PR017,2026-07-05,False
PR017,2026-07-06,False
PR017,2026-07-07,True
PR017,2026-07-08,False
PR017,2026-07-09,True
PR017,2026-07-10,False
PR017,2026-07-11,False
PR017,2026-07-12,False
PR017,2026-07-13,True
PR017,2026-07-14,False
PR017,2026-07-15,False
PR017,2026-07-16,True
PR017,2026-07-17,True
PR017,2026-07-18,False
PR017,2026-07-19,True
PR017,2026-07-20,True
PR017,2026-07-21,False
PR017,2026-07-22,False
PR017,2026-07-23,False
PR017,2026-07-24,False
PR017,2026-07-25,True
PR017,2026-07-26,False
PR017,2026-07-27,False
PR017,2026-07-28,True
PR017,2026-07-29,True
PR017,2026-07-30,False
PR017,2026-07-31,True
PR017,2026-08-01,True
PR017,2026-08-02,False
PR017,2026-08-03,True
PR017,2026-08-04,True
PR017,2026-08-05,False
PR017,2026-08-06,True
PR017,2026-08-07,True
PR017,2026-08-08,True
PR017,2026-08-09,False
PR017,2026-08-10,True
PR017,2026-08-11,False
PR017,2026-08-12,True
PR017,2026-08-13,True
PR017,2026-08-14,False
PR017,2026-08-15,True
PR017,2026-08-16,False
PR017,2026-08-17,True
PR017,2026-08-18,True
PR017,2026-08-19,False
PR017,2026-08-20,False
PR017,2026-08-21,True
PR017,2026-08-22,True
PR017,2026-08-23,True
PR017,2026-08-24,True
PR017,2026-08-25,False
PR017,2026-08-26,False
PR017,2026-08-27,False
PR017,2026-08-28,False
PR017,2026-08-29,False
PR018,2026-06-01,False
PR018,2026-06-02,True
PR018,2026-06-03,True
PR018,2026-06-04,True
PR018,2026-06-05,True
PR018,2026-06-06,False
PR018,2026-06-07,True
PR018,2026-06-08,False
PR018,2026-06-09,True
PR018,2026-06-10,False
PR018,2026-06-11,False
PR018,2026-06-12,False
PR018,2026-06-13,True
PR018,2026-06-14,True
PR018,2026-06-15,False
PR018,2026-06-16,False
PR018,2026-06-17,True
PR018,2026-06-18,False
PR018,2026-06-19,False
PR018,2026-06-20,True
PR018,2026-06-21,False
PR018,2026-06-22,False
PR018,2026-06-23,True
PR018,2026-06-24,False
PR018,2026-06-25,True
PR018,2026-06-26,False
PR018,2026-06-27,False
PR018,2026-06-28,False
PR018,2026-06-29,True
PR018,2026-06-30,False
PR018,2026-07-01,True
PR018,2026-07-02,False
PR018,2026-07-03,True
PR018,2026-07-04,True
PR018,2026-07-05,True
PR018,2026-07-06,True
PR018,2026-07-07,True
PR018,2026-07-08,False
PR018,2026-07-09,True
PR018,2026-07-10,False
PR018,2026-07-11,False
PR018,2026-07-12,False
PR018,2026-07-13,True
PR018,2026-07-14,False
PR018,2026-07-15,False
PR018,2026-07-16,True
PR018,2026-07-17,True
PR018,2026-07-18,True
PR018,2026-07-19,True
PR018,2026-07-20,True
PR018,2026-07-21,False
PR018,2026-07-22,True
PR018,2026-07-23,False
PR018,2026-07-24,False
PR018,2026-07-25,False
PR018,2026-07-26,False
PR018,2026-07-27,False
PR018,2026-07-28,False
PR018,2026-07-29,True
PR018,2026-07-30,True
PR018,2026-07-31,False
PR018,2026-08-01,False
PR018,2026-08-02,False
PR018,2026-08-03,False
PR018,2026-08-04,True
PR018,2026-08-05,False
PR018,2026-08-06,True
PR018,2026-08-07,False
PR018,2026-08-08,True
PR018,2026-08-09,False
PR018,2026-08-10,True
PR018,2026-08-11,False
PR018,2026-08-12,False
PR018,2026-08-13,True
PR018,2026-08-14,True
PR018,2026-08-15,True
PR018,2026-08-16,True
PR018,2026-08-17,True
PR018,2026-08-18,True
PR018,2026-08-19,False
PR018,2026-08-20,True
PR018,2026-08-21,False
PR018,2026-08-22,False
PR018,2026-08-23,False
PR018,2026-08-24,False
PR018,2026-08-25,True
PR018,2026-08-26,True
PR018,2026-08-27,False
PR018,2026-08-28,True
PR018,2026-08-29,True
PR019,2026-06-01,True
PR019,2026-06-02,True
PR019,2026-06-03,True
PR019,2026-06-04,True
PR019,2026-06-05,True
PR019,2026-06-06,True
PR019,2026-06-07,True
PR019,2026-06-08,True
PR019,2026-06-09,True
PR019,2026-06-10,True
PR019,2026-06-11,True
PR019,2026-06-12,True
PR019,2026-06-13,True
PR019,2026-06-14,True
PR019,2026-06-15,True
PR019,2026-06-16,True
PR019,2026-06-17,True
PR019,2026-06-18,True
PR019,2026-06-19,False
PR019,2026-06-20,True
PR019,2026-06-21,False
PR019,2026-06-22,True
PR019,2026-06-23,True
PR019,2026-06-24,True
PR019,2026-06-25,True
PR019,2026-06-26,True
PR019,2026-06-27,True
PR019,2026-06-28,True
PR019,2026-06-29,True
PR019,2026-06-30,True
PR019,2026-07-01,True
PR019,2026-07-02,True
PR019,2026-07-03,True
PR019,2026-07-04,True
PR019,2026-07-05,True
PR019,2026-07-06,True
PR019,2026-07-07,True
PR019,2026-07-08,True
PR019,2026-07-09,True
PR019,2026-07-10,True
PR019,2026-07-11,True
PR019,2026-07-12,True
PR019,2026-07-13,True
PR019,2026-07-14,False
PR019,2026-07-15,True
PR019,2026-07-16,True
PR019,2026-07-17,False
PR019,2026-07-18,True
PR019,2026-07-19,True
PR019,2026-07-20,True
PR019,2026-07-21,False
PR019,2026-07-22,True
PR019,2026-07-23,True
PR019,2026-07-24,True
PR019,2026-07-25,True
PR019,2026-07-26,True
PR019,2026-07-27,True
PR019,2026-07-28,True
PR019,2026-07-29,True
PR019,2026-07-30,True
PR019,2026-07-31,True
PR019,2026-08-01,True
PR019,2026-08-02,True
PR019,2026-08-03,True
PR019,2026-08-04,True
PR019,2026-08-05,False
PR019,2026-08-06,True
PR019,2026-08-07,True
PR019,2026-08-08,True
PR019,2026-08-09,True
PR019,2026-08-10,True
PR019,2026-08-11,True
PR019,2026-08-12,True
PR019,2026-08-13,True
PR019,2026-08-14,True
PR019,2026-08-15,True
PR019,2026-08-16,False
PR019,2026-08-17,True
PR019,2026-08-18,True
PR019,2026-08-19,True
PR019,2026-08-20,True
PR019,2026-08-21,True
PR019,2026-08-22,True
PR019,2026-08-23,False
PR019,2026-08-24,True
PR019,2026-08-25,True
PR019,2026-08-26,True
PR019,2026-08-27,True
PR019,2026-08-28,True
PR019,2026-08-29,True
PR020,2026-06-01,False
PR020,2026-06-02,False
PR020,2026-06-03,False
PR020,2026-06-04,True
PR020,2026-06-05,False
PR020,2026-06-06,True
PR020,2026-06-07,False
PR020,2026-06-08,True
PR020,2026-06-09,True
PR020,2026-06-10,True
PR020,2026-06-11,True
PR020,2026-06-12,False
PR020,2026-06-13,True
PR020,2026-06-14,False
PR020,2026-06-15,False
PR020,2026-06-16,False
PR020,2026-06-17,False
PR020,2026-06-18,True
PR020,2026-06-19,True
PR020,2026-06-20,True
PR020,2026-06-21,True
PR020,2026-06-22,False
PR020,2026-06-23,True
PR020,2026-06-24,True
PR020,2026-06-25,True
PR020,2026-06-26,False
PR020,2026-06-27,True
PR020,2026-06-28,True
PR020,2026-06-29,False
PR020,2026-06-30,False
PR020,2026-07-01,False
PR020,2026-07-02,False
PR020,2026-07-03,False
PR020,2026-07-04,True
PR020,2026-07-05,True
PR020,2026-07-06,False
PR020,2026-07-07,True
PR020,2026-07-08,False
PR020,2026-07-09,True
PR020,2026-07-10,True
PR020,2026-07-11,True
PR020,2026-07-12,False
PR020,2026-07-13,True
PR020,2026-07-14,True
PR020,2026-07-15,False
PR020,2026-07-16,False
PR020,2026-07-17,True
PR020,2026-07-18,True
PR020,2026-07-19,False
PR020,2026-07-20,True
PR020,2026-07-21,False
PR020,2026-07-22,False
PR020,2026-07-23,False
PR020,2026-07-24,False
PR020,2026-07-25,True
PR020,2026-07-26,True
PR020,2026-07-27,False
PR020,2026-07-28,True
PR020,2026-07-29,True
PR020,2026-07-30,True
PR020,2026-07-31,True
PR020,2026-08-01,True
PR020,2026-08-02,True
PR020,2026-08-03,False
PR020,2026-08-04,False
PR020,2026-08-05,True
PR020,2026-08-06,False
PR020,2026-08-07,False
PR020,2026-08-08,True
PR020,2026-08-09,False
PR020,2026-08-10,True
PR020,2026-08-11,False
PR020,2026-08-12,True
PR020,2026-08-13,True
PR020,2026-08-14,False
PR020,2026-08-15,True
PR020,2026-08-16,False
PR020,2026-08-17,True
PR020,2026-08-18,False
PR020,2026-08-19,False
PR020,2026-08-20,True
PR020,2026-08-21,False
PR020,2026-08-22,False
PR020,2026-08-23,True
PR020,2026-08-24,True
PR020,2026-08-25,False
PR020,2026-08-26,True
PR020,2026-08-27,False
PR020,2026-08-28,False
PR020,2026-08-29,True
PR001,2026-08-30,True
PR001,2026-08-31,False
PR001,2026-09-01,False
PR001,2026-09-02,False
PR001,2026-09-03,True
PR001,2026-09-04,True
PR001,2026-09-05,True
PR001,2026-09-06,False
PR001,2026-09-07,False
PR001,2026-09-08,False
PR001,2026-09-09,True
PR001,2026-09-10,False
PR001,2026-09-11,False
PR001,2026-09-12,True
PR001,2026-09-13,True
PR001,2026-09-14,True
PR001,2026-09-15,True
PR001,2026-09-16,True
PR001,2026-09-17,True
PR001,2026-09-18,True
PR001,2026-09-19,False
PR001,2026-09-20,True
PR001,2026-09-21,True
PR001,2026-09-22,True
PR001,2026-09-23,True
PR001,2026-09-24,False
PR001,2026-09-25,True
PR001,2026-09-26,True
PR001,2026-09-27,False
PR001,2026-09-28,True
PR001,2026-09-29,False
PR001,2026-09-30,True
PR001,2026-10-01,True
PR001,2026-10-02,False
PR001,2026-10-03,False
PR001,2026-10-04,False
PR001,2026-10-05,True
PR001,2026-10-06,True
PR001,2026-10-07,False
PR001,2026-10-08,True
PR001,2026-10-09,True
PR001,2026-10-10,True
PR001,2026-10-11,True
PR001,2026-10-12,False
PR001,2026-10-13,True
PR001,2026-10-14,False
PR001,2026-10-15,True
PR001,2026-10-16,True
PR001,2026-10-17,False
PR001,2026-10-18,True
PR001,2026-10-19,False
PR001,2026-10-20,False
PR001,2026-10-21,False
PR001,2026-10-22,False
PR001,2026-10-23,False
PR001,2026-10-24,False
PR001,2026-10-25,True
PR001,2026-10-26,True
PR001,2026-10-27,True
PR001,2026-10-28,True
PR002,2026-08-30,True
PR002,2026-08-31,True
PR002,2026-09-01,False
PR002,2026-09-02,True
PR002,2026-09-03,True
PR002,2026-09-04,True
PR002,2026-09-05,True
PR002,2026-09-06,False
PR002,2026-09-07,True
PR002,2026-09-08,False
PR002,2026-09-09,False
PR002,2026-09-10,True
PR002,2026-09-11,True
PR002,2026-09-12,False
PR002,2026-09-13,False
PR002,2026-09-14,False
PR002,2026-09-15,False
PR002,2026-09-16,True
PR002,2026-09-17,True
PR002,2026-09-18,True
PR002,2026-09-19,False
PR002,2026-09-20,False
PR002,2026-09-21,True
PR002,2026-09-22,True
PR002,2026-09-23,True
PR002,2026-09-24,True
PR002,2026-09-25,False
PR002,2026-09-26,False
PR002,2026-09-27,False
PR002,2026-09-28,True
PR002,2026-09-29,True
PR002,2026-09-30,False
PR002,2026-10-01,False
PR002,2026-10-02,True
PR002,2026-10-03,False
PR002,2026-10-04,True
PR002,2026-10-05,True
PR002,2026-10-06,True
PR002,2026-10-07,True
PR002,2026-10-08,True
PR002,2026-10-09,True
PR002,2026-10-10,False
PR002,2026-10-11,True
PR002,2026-10-12,True
PR002,2026-10-13,False
PR002,2026-10-14,True
PR002,2026-10-15,True
PR002,2026-10-16,False
PR002,2026-10-17,True
PR002,2026-10-18,True
PR002,2026-10-19,True
PR002,2026-10-20,True
PR002,2026-10-21,False
PR002,2026-10-22,False
PR002,2026-10-23,False
PR002,2026-10-24,False
PR002,2026-10-25,False
PR002,2026-10-26,True
PR002,2026-10-27,False
PR002,2026-10-28,True
PR003,2026-08-30,False
PR003,2026-08-31,False
PR003,2026-09-01,True
PR003,2026-09-02,True
PR003,2026-09-03,True
PR003,2026-09-04,True
PR003,2026-09-05,False
PR003,2026-09-06,False
PR003,2026-09-07,True
PR003,2026-09-08,True
PR003,2026-09-09,True
PR003,2026-09-10,True
PR003,2026-09-11,True
PR003,2026-09-12,True
PR003,2026-09-13,False
PR003,2026-09-14,True
PR003,2026-09-15,False
PR003,2026-09-16,False
PR003,2026-09-17,True
PR003,2026-09-18,False
PR003,2026-09-19,False
PR003,2026-09-20,True
PR003,2026-09-21,True
PR003,2026-09-22,True
PR003,2026-09-23,True
PR003,2026-09-24,True
PR003,2026-09-25,False
PR003,2026-09-26,True
PR003,2026-09-27,True
PR003,2026-09-28,True
PR003,2026-09-29,False
PR003,2026-09-30,True
PR003,2026-10-01,True
PR003,2026-10-02,True
PR003,2026-10-03,False
PR003,2026-10-04,True
PR003,2026-10-05,False
PR003,2026-10-06,False
PR003,2026-10-07,True
PR003,2026-10-08,False
PR003,2026-10-09,True
PR003,2026-10-10,False
PR003,2026-10-11,False
PR003,2026-10-12,False
PR003,2026-10-13,True
PR003,2026-10-14,False
PR003,2026-10-15,True
PR003,2026-10-16,True
PR003,2026-10-17,True
PR003,2026-10-18,False
PR003,2026-10-19,False
PR003,2026-10-20,True
PR003,2026-10-21,False
PR003,2026-10-22,True
PR003,2026-10-23,False
PR003,2026-10-24,True
PR003,2026-10-25,False
PR003,2026-10-26,True
PR003,2026-10-27,False
PR003,2026-10-28,True
PR004,2026-08-30,True
PR004,2026-08-31,True
PR004,2026-09-01,False
PR004,2026-09-02,False
PR004,2026-09-03,True
PR004,2026-09-04,False
PR004,2026-09-05,False
PR004,2026-09-06,False
PR004,2026-09-07,False
PR004,2026-09-08,True
PR004,2026-09-09,True
PR004,2026-09-10,False
PR004,2026-09-11,False
PR004,2026-09-12,False
PR004,2026-09-13,True
PR004,2026-09-14,True
PR004,2026-09-15,False
PR004,2026-09-16,False
PR004,2026-09-17,False
PR004,2026-09-18,False
PR004,2026-09-19,False
PR004,2026-09-20,True
PR004,2026-09-21,True
PR004,2026-09-22,False
PR004,2026-09-23,False
PR004,2026-09-24,True
PR004,2026-09-25,True
PR004,2026-09-26,False
PR004,2026-09-27,True
PR004,2026-09-28,True
PR004,2026-09-29,False
PR004,2026-09-30,False
PR004,2026-10-01,False
PR004,2026-10-02,True
PR004,2026-10-03,False
PR004,2026-10-04,True
PR004,2026-10-05,True
PR004,2026-10-06,False
PR004,2026-10-07,False
PR004,2026-10-08,False
PR004,2026-10-09,False
PR004,2026-10-10,False
PR004,2026-10-11,True
PR004,2026-10-12,True
PR004,2026-10-13,True
PR004,2026-10-14,True
PR004,2026-10-15,False
PR004,2026-10-16,True
PR004,2026-10-17,False
PR004,2026-10-18,False
PR004,2026-10-19,False
PR004,2026-10-20,False
PR004,2026-10-21,False
PR004,2026-10-22,False
PR004,2026-10-23,True
PR004,2026-10-24,False
PR004,2026-10-25,True
PR004,2026-10-26,True
PR004,2026-10-27,False
PR004,2026-10-28,True
PR005,2026-08-30,True
PR005,2026-08-31,True
PR005,2026-09-01,True
PR005,2026-09-02,True
PR005,2026-09-03,True
PR005,2026-09-04,True
PR005,2026-09-05,True
PR005,2026-09-06,False
PR005,2026-09-07,False
PR005,2026-09-08,True
PR005,2026-09-09,True
PR005,2026-09-10,True
PR005,2026-09-11,True
PR005,2026-09-12,True
PR005,2026-09-13,True
PR005,2026-09-14,True
PR005,2026-09-15,True
PR005,2026-09-16,True
PR005,2026-09-17,True
PR005,2026-09-18,True
PR005,2026-09-19,True
PR005,2026-09-20,False
PR005,2026-09-21,True
PR005,2026-09-22,True
PR005,2026-09-23,True
PR005,2026-09-24,True
PR005,2026-09-25,True
PR005,2026-09-26,True
PR005,2026-09-27,True
PR005,2026-09-28,True
PR005,2026-09-29,True
PR005,2026-09-30,True
PR005,2026-10-01,True
PR005,2026-10-02,True
PR005,2026-10-03,True
PR005,2026-10-04,True
PR005,2026-10-05,True
PR005,2026-10-06,True
PR005,2026-10-07,True
PR005,2026-10-08,True
PR005,2026-10-09,True
PR005,2026-10-10,True
PR005,2026-10-11,True
PR005,2026-10-12,True
PR005,2026-10-13,True
PR005,2026-10-14,True
PR005,2026-10-15,True
PR005,2026-10-16,True
PR005,2026-10-17,True
PR005,2026-10-18,True
PR005,2026-10-19,True
PR005,2026-10-20,True
PR005,2026-10-21,True
PR005,2026-10-22,True
PR005,2026-10-23,True
PR005,2026-10-24,True
PR005,2026-10-25,True
PR005,2026-10-26,True
PR005,2026-10-27,True
PR005,2026-10-28,True
PR006,2026-08-30,True
PR006,2026-08-31,True
PR006,2026-09-01,True
PR006,2026-09-02,True
PR006,2026-09-03,True
PR006,2026-09-04,False
PR006,2026-09-05,True
PR006,2026-09-06,True
PR006,2026-09-07,True
PR006,2026-09-08,True
PR006,2026-09-09,True
PR006,2026-09-10,True
PR006,2026-09-11,True
PR006,2026-09-12,False
PR006,2026-09-13,True
PR006,2026-09-14,True
PR006,2026-09-15,True
PR006,2026-09-16,True
PR006,2026-09-17,True
PR006,2026-09-18,True
PR006,2026-09-19,True
PR006,2026-09-20,True
PR006,2026-09-21,True
PR006,2026-09-22,True
PR006,2026-09-23,False
PR006,2026-09-24,True
PR006,2026-09-25,True
PR006,2026-09-26,True
PR006,2026-09-27,True
PR006,2026-09-28,True
PR006,2026-09-29,True
PR006,2026-09-30,True
PR006,2026-10-01,True
PR006,2026-10-02,True
PR006,2026-10-03,True
PR006,2026-10-04,True
PR006,2026-10-05,True
PR006,2026-10-06,True
PR006,2026-10-07,True
PR006,2026-10-08,True
PR006,2026-10-09,True
PR006,2026-10-10,True
PR006,2026-10-11,True
PR006,2026-10-12,True
PR006,2026-10-13,True
PR006,2026-10-14,True
PR006,2026-10-15,True
PR006,2026-10-16,True
PR006,2026-10-17,True
PR006,2026-10-18,True
PR006,2026-10-19,True
PR006,2026-10-20,True
PR006,2026-10-21,True
PR006,2026-10-22,True
PR006,2026-10-23,True
PR006,2026-10-24,True
PR006,2026-10-25,True
PR006,2026-10-26,True
PR006,2026-10-27,False
PR006,2026-10-28,True
PR007,2026-08-30,True
PR007,2026-08-31,True
PR007,2026-09-01,True
PR007,2026-09-02,True
PR007,2026-09-03,True
PR007,2026-09-04,True
PR007,2026-09-05,False
PR007,2026-09-06,True
PR007,2026-09-07,True
PR007,2026-09-08,True
PR007,2026-09-09,True
PR007,2026-09-10,True
PR007,2026-09-11,True
PR007,2026-09-12,True
PR007,2026-09-13,True
PR007,2026-09-14,True
PR007,2026-09-15,True
PR007,2026-09-16,True
PR007,2026-09-17,True
PR007,2026-09-18,True
PR007,2026-09-19,True
PR007,2026-09-20,True
PR007,2026-09-21,True
PR007,2026-09-22,True
PR007,2026-09-23,True
PR007,2026-09-24,True
PR007,2026-09-25,True
PR007,2026-09-26,True
PR007,2026-09-27,True
PR007,2026-09-28,True
PR007,2026-09-29,False
PR007,2026-09-30,True
PR007,2026-10-01,True
PR007,2026-10-02,True
PR007,2026-10-03,True
PR007,2026-10-04,True
PR007,2026-10-05,True
PR007,2026-10-06,True
PR007,2026-10-07,True
PR007,2026-10-08,True
PR007,2026-10-09,True
PR007,2026-10-10,True
PR007,2026-10-11,True
PR007,2026-10-12,True
PR007,2026-10-13,True
PR007,2026-10-14,True
PR007,2026-10-15,True
PR007,2026-10-16,True
PR007,2026-10-17,True
PR007,2026-10-18,True
PR007,2026-10-19,True
PR007,2026-10-20,False
PR007,2026-10-21,False
PR007,2026-10-22,True
PR007,2026-10-23,True
PR007,2026-10-24,True
PR007,2026-10-25,True
PR007,2026-10-26,True
PR007,2026-10-27,True
PR007,2026-10-28,True
PR008,2026-08-30,False
PR008,2026-08-31,False
PR008,2026-09-01,True
PR008,2026-09-02,True
PR008,2026-09-03,True
PR008,2026-09-04,False
PR008,2026-09-05,True
PR008,2026-09-06,False
PR008,2026-09-07,True
PR008,2026-09-08,True
PR008,2026-09-09,True
PR008,2026-09-10,False
PR008,2026-09-11,False
PR008,2026-09-12,True
PR008,2026-09-13,True
PR008,2026-09-14,False
PR008,2026-09-15,True
PR008,2026-09-16,False
PR008,2026-09-17,False
PR008,2026-09-18,True
PR008,2026-09-19,True
PR008,2026-09-20,False
PR008,2026-09-21,True
PR008,2026-09-22,True
PR008,2026-09-23,False
PR008,2026-09-24,False
PR008,2026-09-25,False
PR008,2026-09-26,False
PR008,2026-09-27,True
PR008,2026-09-28,True
PR008,2026-09-29,False
PR008,2026-09-30,False
PR008,2026-10-01,True
PR008,2026-10-02,False
PR008,2026-10-03,True
PR008,2026-10-04,True
PR008,2026-10-05,True
PR008,2026-10-06,True
PR008,2026-10-07,True
PR008,2026-10-08,True
PR008,2026-10-09,True
PR008,2026-10-10,False
PR008,2026-10-11,False
PR008,2026-10-12,False
PR008,2026-10-13,False
PR008,2026-10-14,True
PR008,2026-10-15,True
PR008,2026-10-16,False
PR008,2026-10-17,True
PR008,2026-10-18,False
PR008,2026-10-19,True
PR008,2026-10-20,False
PR008,2026-10-21,True
PR008,2026-10-22,False
PR008,2026-10-23,False
PR008,2026-10-24,False
PR008,2026-10-25,True
PR008,2026-10-26,False
PR008,2026-10-27,False
PR008,2026-10-28,False
PR009,2026-08-30,False
PR009,2026-08-31,False
PR009,2026-09-01,True
PR009,2026-09-02,False
PR009,2026-09-03,False
PR009,2026-09-04,False
PR009,2026-09-05,True
PR009,2026-09-06,True
PR009,2026-09-07,False
PR009,2026-09-08,False
PR009,2026-09-09,True
PR009,2026-09-10,False
PR009,2026-09-11,True
PR009,2026-09-12,True
PR009,2026-09-13,True
PR009,2026-09-14,True
PR009,2026-09-15,False
PR009,2026-09-16,True
PR009,2026-09-17,False
PR009,2026-09-18,False
PR009,2026-09-19,False
PR009,2026-09-20,False
PR009,2026-09-21,True
PR009,2026-09-22,False
PR009,2026-09-23,False
PR009,2026-09-24,True
PR009,2026-09-25,False
PR009,2026-09-26,False
PR009,2026-09-27,False
PR009,2026-09-28,False
PR009,2026-09-29,False
PR009,2026-09-30,True
PR009,2026-10-01,False
PR009,2026-10-02,False
PR009,2026-10-03,True
PR009,2026-10-04,True
PR009,2026-10-05,True
PR009,2026-10-06,False
PR009,2026-10-07,False
PR009,2026-10-08,True
PR009,2026-10-09,False
PR009,2026-10-10,True
PR009,2026-10-11,False
PR009,2026-10-12,False
PR009,2026-10-13,False
PR009,2026-10-14,True
PR009,2026-10-15,True
PR009,2026-10-16,True
PR009,2026-10-17,True
PR009,2026-10-18,False
PR009,2026-10-19,False
PR009,2026-10-20,False
PR009,2026-10-21,False
PR009,2026-10-22,False
PR009,2026-10-23,False
PR009,2026-10-24,False
PR009,2026-10-25,False
PR009,2026-10-26,True
PR009,2026-10-27,True
PR009,2026-10-28,True
PR010,2026-08-30,False
PR010,2026-08-31,False
PR010,2026-09-01,True
PR010,2026-09-02,False
PR010,2026-09-03,False
PR010,2026-09-04,True
PR010,2026-09-05,True
PR010,2026-09-06,False
PR010,2026-09-07,False
PR010,2026-09-08,False
PR010,2026-09-09,False
PR010,2026-09-10,False
PR010,2026-09-11,False
PR010,2026-09-12,False
PR010,2026-09-13,False
PR010,2026-09-14,True
PR010,2026-09-15,True
PR010,2026-09-16,True
PR010,2026-09-17,False
PR010,2026-09-18,False
PR010,2026-09-19,False
PR010,2026-09-20,True
PR010,2026-09-21,True
PR010,2026-09-22,True
PR010,2026-09-23,True
PR010,2026-09-24,False
PR010,2026-09-25,True
PR010,2026-09-26,True
PR010,2026-09-27,False
PR010,2026-09-28,True
PR010,2026-09-29,False
PR010,2026-09-30,False
PR010,2026-10-01,True
PR010,2026-10-02,False
PR010,2026-10-03,False
PR010,2026-10-04,False
PR010,2026-10-05,True
PR010,2026-10-06,False
PR010,2026-10-07,False
PR010,2026-10-08,True
PR010,2026-10-09,True
PR010,2026-10-10,False
PR010,2026-10-11,False
PR010,2026-10-12,True
PR010,2026-10-13,False
PR010,2026-10-14,True
PR010,2026-10-15,True
PR010,2026-10-16,True
PR010,2026-10-17,True
PR010,2026-10-18,True
PR010,2026-10-19,True
PR010,2026-10-20,False
PR010,2026-10-21,True
PR010,2026-10-22,True
PR010,2026-10-23,False
PR010,2026-10-24,False
PR010,2026-10-25,False
PR010,2026-10-26,True
PR010,2026-10-27,True
PR010,2026-10-28,True
PR011,2026-08-30,True
PR011,2026-08-31,True
PR011,2026-09-01,True
PR011,2026-09-02,True
PR011,2026-09-03,True
PR011,2026-09-04,True
PR011,2026-09-05,True
PR011,2026-09-06,True
PR011,2026-09-07,True
PR011,2026-09-08,False
PR011,2026-09-09,True
PR011,2026-09-10,False
PR011,2026-09-11,False
PR011,2026-09-12,True
PR011,2026-09-13,False
PR011,2026-09-14,False
PR011,2026-09-15,True
PR011,2026-09-16,True
PR011,2026-09-17,False
PR011,2026-09-18,False
PR011,2026-09-19,True
PR011,2026-09-20,True
PR011,2026-09-21,True
PR011,2026-09-22,True
PR011,2026-09-23,False
PR011,2026-09-24,True
PR011,2026-09-25,True
PR011,2026-09-26,False
PR011,2026-09-27,True
PR011,2026-09-28,True
PR011,2026-09-29,False
PR011,2026-09-30,False
PR011,2026-10-01,False
PR011,2026-10-02,False
PR011,2026-10-03,True
PR011,2026-10-04,True
PR011,2026-10-05,False
PR011,2026-10-06,True
PR011,2026-10-07,True
PR011,2026-10-08,True
PR011,2026-10-09,True
PR011,2026-10-10,True
PR011,2026-10-11,True
PR011,2026-10-12,True
PR011,2026-10-13,True
PR011,2026-10-14,False
PR011,2026-10-15,False
PR011,2026-10-16,False
PR011,2026-10-17,False
PR011,2026-10-18,True
PR011,2026-10-19,True
PR011,2026-10-20,False
PR011,2026-10-21,False
PR011,2026-10-22,False
PR011,2026-10-23,True
PR011,2026-10-24,True
PR011,2026-10-25,True
PR011,2026-10-26,True
PR011,2026-10-27,False
PR011,2026-10-28,False
PR012,2026-08-30,True
PR012,2026-08-31,False
PR012,2026-09-01,False
PR012,2026-09-02,True
PR012,2026-09-03,True
PR012,2026-09-04,True
PR012,2026-09-05,True
PR012,2026-09-06,True
PR012,2026-09-07,True
PR012,2026-09-08,True
PR012,2026-09-09,True
PR012,2026-09-10,False
PR012,2026-09-11,True
PR012,2026-09-12,True
PR012,2026-09-13,True
PR012,2026-09-14,False
PR012,2026-09-15,True
PR012,2026-09-16,True
PR012,2026-09-17,False
PR012,2026-09-18,False
PR012,2026-09-19,False
PR012,2026-09-20,True
PR012,2026-09-21,True
PR012,2026-09-22,False
PR012,2026-09-23,False
PR012,2026-09-24,True
PR012,2026-09-25,True
PR012,2026-09-26,True
PR012,2026-09-27,False
PR012,2026-09-28,True
PR012,2026-09-29,True
PR012,2026-09-30,True
PR012,2026-10-01,True
PR012,2026-10-02,True
PR012,2026-10-03,True
PR012,2026-10-04,False
PR012,2026-10-05,True
PR012,2026-10-06,True
PR012,2026-10-07,True
PR012,2026-10-08,True
PR012,2026-10-09,True
PR012,2026-10-10,True
PR012,2026-10-11,True
PR012,2026-10-12,True
PR012,2026-10-13,True
PR012,2026-10-14,False
PR012,2026-10-15,True
PR012,2026-10-16,False
PR012,2026-10-17,True
PR012,2026-10-18,False
PR012,2026-10-19,False
PR012,2026-10-20,False
PR012,2026-10-21,True
PR012,2026-10-22,True
PR012,2026-10-23,True
PR012,2026-10-24,False
PR012,2026-10-25,False
PR012,2026-10-26,False
PR012,2026-10-27,True
PR012,2026-10-28,False
PR013,2026-08-30,False
PR013,2026-08-31,True
PR013,2026-09-01,True
PR013,2026-09-02,False
PR013,2026-09-03,False
PR013,2026-09-04,False
PR013,2026-09-05,True
PR013,2026-09-06,False
PR013,2026-09-07,True
PR013,2026-09-08,True
PR013,2026-09-09,True
PR013,2026-09-10,False
PR013,2026-09-11,False
PR013,2026-09-12,False
PR013,2026-09-13,True
PR013,2026-09-14,False
PR013,2026-09-15,True
PR013,2026-09-16,False
PR013,2026-09-17,True
PR013,2026-09-18,True
PR013,2026-09-19,True
PR013,2026-09-20,True
PR013,2026-09-21,False
PR013,2026-09-22,True
PR013,2026-09-23,True
PR013,2026-09-24,False
PR013,2026-09-25,True
PR013,2026-09-26,False
PR013,2026-09-27,False
PR013,2026-09-28,False
PR013,2026-09-29,True
PR013,2026-09-30,False
PR013,2026-10-01,False
PR013,2026-10-02,True
PR013,2026-10-03,True
PR013,2026-10-04,False
PR013,2026-10-05,False
PR013,2026-10-06,False
PR013,2026-10-07,False
PR013,2026-10-08,False
PR013,2026-10-09,True
PR013,2026-10-10,True
PR013,2026-10-11,True
PR013,2026-10-12,False
PR013,2026-10-13,True
PR013,2026-10-14,False
PR013,2026-10-15,False
PR013,2026-10-16,False
PR013,2026-10-17,True
PR013,2026-10-18,False
PR013,2026-10-19,True
PR013,2026-10-20,False
PR013,2026-10-21,True
PR013,2026-10-22,True
PR013,2026-10-23,False
PR013,2026-10-24,True
PR013,2026-10-25,True
PR013,2026-10-26,False
PR013,2026-10-27,False
PR013,2026-10-28,False
PR014,2026-08-30,False
PR014,2026-08-31,True
PR014,2026-09-01,True
PR014,2026-09-02,True
PR014,2026-09-03,True
PR014,2026-09-04,False
PR014,2026-09-05,True
PR014,2026-09-06,True
PR014,2026-09-07,True
PR014,2026-09-08,False
PR014,2026-09-09,True
PR014,2026-09-10,True
PR014,2026-09-11,True
PR014,2026-09-12,False
PR014,2026-09-13,True
PR014,2026-09-14,False
PR014,2026-09-15,False
PR014,2026-09-16,True
PR014,2026-09-17,False
PR014,2026-09-18,False
PR014,2026-09-19,False
PR014,2026-09-20,True
PR014,2026-09-21,True
PR014,2026-09-22,False
PR014,2026-09-23,True
PR014,2026-09-24,False
PR014,2026-09-25,False
PR014,2026-09-26,False
PR014,2026-09-27,True
PR014,2026-09-28,True
PR014,2026-09-29,False
PR014,2026-09-30,False
PR014,2026-10-01,True
PR014,2026-10-02,False
PR014,2026-10-03,False
PR014,2026-10-04,True
PR014,2026-10-05,False
PR014,2026-10-06,True
PR014,2026-10-07,True
PR014,2026-10-08,True
PR014,2026-10-09,False
PR014,2026-10-10,True
PR014,2026-10-11,True
PR014,2026-10-12,True
PR014,2026-10-13,True
PR014,2026-10-14,False
PR014,2026-10-15,True
PR014,2026-10-16,True
PR014,2026-10-17,False
PR014,2026-10-18,True
PR014,2026-10-19,True
PR014,2026-10-20,True
PR014,2026-10-21,True
PR014,2026-10-22,True
PR014,2026-10-23,True
PR014,2026-10-24,True
PR014,2026-10-25,False
PR014,2026-10-26,True
PR014,2026-10-27,True
PR014,2026-10-28,False
PR015,2026-08-30,True
PR015,2026-08-31,False
PR015,2026-09-01,True
PR015,2026-09-02,False
PR015,2026-09-03,True
PR015,2026-09-04,True
PR015,2026-09-05,True
PR015,2026-09-06,False
PR015,2026-09-07,True
PR015,2026-09-08,False
PR015,2026-09-09,True
PR015,2026-09-10,False
PR015,2026-09-11,True
PR015,2026-09-12,False
PR015,2026-09-13,True
PR015,2026-09-14,True
PR015,2026-09-15,True
PR015,2026-09-16,True
PR015,2026-09-17,False
PR015,2026-09-18,True
PR015,2026-09-19,False
PR015,2026-09-20,True
PR015,2026-09-21,False
PR015,2026-09-22,True
PR015,2026-09-23,True
PR015,2026-09-24,False
PR015,2026-09-25,True
PR015,2026-09-26,True
PR015,2026-09-27,False
PR015,2026-09-28,False
PR015,2026-09-29,True
PR015,2026-09-30,True
PR015,2026-10-01,False
PR015,2026-10-02,True
PR015,2026-10-03,True
PR015,2026-10-04,True
PR015,2026-10-05,False
PR015,2026-10-06,False
PR015,2026-10-07,True
PR015,2026-10-08,True
PR015,2026-10-09,True
PR015,2026-10-10,False
PR015,2026-10-11,True
PR015,2026-10-12,True
PR015,2026-10-13,False
PR015,2026-10-14,True
PR015,2026-10-15,False
PR015,2026-10-16,True
PR015,2026-10-17,True
PR015,2026-10-18,True
PR015,2026-10-19,False
PR015,2026-10-20,False
PR015,2026-10-21,False
PR015,2026-10-22,True
PR015,2026-10-23,False
PR015,2026-10-24,True
PR015,2026-10-25,True
PR015,2026-10-26,False
PR015,2026-10-27,True
PR015,2026-10-28,True
PR016,2026-08-30,True
PR016,2026-08-31,True
PR016,2026-09-01,True
PR016,2026-09-02,True
PR016,2026-09-03,True
PR016,2026-09-04,False
PR016,2026-09-05,False
PR016,2026-09-06,True
PR016,2026-09-07,True
PR016,2026-09-08,True
PR016,2026-09-09,True
PR016,2026-09-10,True
PR016,2026-09-11,False
PR016,2026-09-12,True
PR016,2026-09-13,True
PR016,2026-09-14,True
PR016,2026-09-15,True
PR016,2026-09-16,False
PR016,2026-09-17,False
PR016,2026-09-18,True
PR016,2026-09-19,False
PR016,2026-09-20,True
PR016,2026-09-21,False
PR016,2026-09-22,False
PR016,2026-09-23,True
PR016,2026-09-24,True
PR016,2026-09-25,True
PR016,2026-09-26,True
PR016,2026-09-27,False
PR016,2026-09-28,True
PR016,2026-09-29,True
PR016,2026-09-30,False
PR016,2026-10-01,False
PR016,2026-10-02,True
PR016,2026-10-03,True
PR016,2026-10-04,True
PR016,2026-10-05,True
PR016,2026-10-06,False
PR016,2026-10-07,True
PR016,2026-10-08,True
PR016,2026-10-09,True
PR016,2026-10-10,True
PR016,2026-10-11,False
PR016,2026-10-12,False
PR016,2026-10-13,True
PR016,2026-10-14,True
PR016,2026-10-15,True
PR016,2026-10-16,False
PR016,2026-10-17,False
PR016,2026-10-18,True
PR016,2026-10-19,True
PR016,2026-10-20,False
PR016,2026-10-21,True
PR016,2026-10-22,False
PR016,2026-10-23,True
PR016,2026-10-24,True
PR016,2026-10-25,True
PR016,2026-10-26,True
PR016,2026-10-27,True
PR016,2026-10-28,False
PR017,2026-08-30,True
PR017,2026-08-31,False
PR017,2026-09-01,True
PR017,2026-09-02,True
PR017,2026-09-03,True
PR017,2026-09-04,True
PR017,2026-09-05,False
PR017,2026-09-06,True
PR017,2026-09-07,False
PR017,2026-09-08,True
PR017,2026-09-09,False
PR017,2026-09-10,False
PR017,2026-09-11,False
PR017,2026-09-12,True
PR017,2026-09-13,True
PR017,2026-09-14,True
PR017,2026-09-15,False
PR017,2026-09-16,True
PR017,2026-09-17,True
PR017,2026-09-18,False
PR017,2026-09-19,True
PR017,2026-09-20,False
PR017,2026-09-21,True
PR017,2026-09-22,True
PR017,2026-09-23,False
PR017,2026-09-24,True
PR017,2026-09-25,False
PR017,2026-09-26,True
PR017,2026-09-27,True
PR017,2026-09-28,False
PR017,2026-09-29,False
PR017,2026-09-30,False
PR017,2026-10-01,True
PR017,2026-10-02,False
PR017,2026-10-03,True
PR017,2026-10-04,True
PR017,2026-10-05,False
PR017,2026-10-06,True
PR017,2026-10-07,False
PR017,2026-10-08,True
PR017,2026-10-09,True
PR017,2026-10-10,False
PR017,2026-10-11,False
PR017,2026-10-12,False
PR017,2026-10-13,False
PR017,2026-10-14,False
PR017,2026-10-15,False
PR017,2026-10-16,False
PR017,2026-10-17,True
PR017,2026-10-18,True
PR017,2026-10-19,True
PR017,2026-10-20,False
PR017,2026-10-21,False
PR017,2026-10-22,True
PR017,2026-10-23,False
PR017,2026-10-24,False
PR017,2026-10-25,True
PR017,2026-10-26,False
PR017,2026-10-27,False
PR017,2026-10-28,True
PR018,2026-08-30,False
PR018,2026-08-31,True
PR018,2026-09-01,False
PR018,2026-09-02,False
PR018,2026-09-03,False
PR018,2026-09-04,True
PR018,2026-09-05,False
PR018,2026-09-06,False
PR018,2026-09-07,True
PR018,2026-09-08,False
PR018,2026-09-09,True
PR018,2026-09-10,False
PR018,2026-09-11,True
PR018,2026-09-12,True
PR018,2026-09-13,True
PR018,2026-09-14,False
PR018,2026-09-15,True
PR018,2026-09-16,False
PR018,2026-09-17,True
PR018,2026-09-18,True
PR018,2026-09-19,False
PR018,2026-09-20,False
PR018,2026-09-21,True
PR018,2026-09-22,False
PR018,2026-09-23,False
PR018,2026-09-24,False
PR018,2026-09-25,True
PR018,2026-09-26,True
PR018,2026-09-27,False
PR018,2026-09-28,True
PR018,2026-09-29,False
PR018,2026-09-30,False
PR018,2026-10-01,False
PR018,2026-10-02,False
PR018,2026-10-03,False
PR018,2026-10-04,True
PR018,2026-10-05,False
PR018,2026-10-06,True
PR018,2026-10-07,True
PR018,2026-10-08,False
PR018,2026-10-09,False
PR018,2026-10-10,False
PR018,2026-10-11,False
PR018,2026-10-12,True
PR018,2026-10-13,True
PR018,2026-10-14,False
PR018,2026-10-15,True
PR018,2026-10-16,True
PR018,2026-10-17,True
PR018,2026-10-18,True
PR018,2026-10-19,True
PR018,2026-10-20,True
PR018,2026-10-21,True
PR018,2026-10-22,True
PR018,2026-10-23,False
PR018,2026-10-24,True
PR018,2026-10-25,True
PR018,2026-10-26,False
PR018,2026-10-27,True
PR018,2026-10-28,False
PR019,2026-08-30,True
PR019,2026-08-31,True
PR019,2026-09-01,True
PR019,2026-09-02,True
PR019,2026-09-03,False
PR019,2026-09-04,True
PR019,2026-09-05,True
PR019,2026-09-06,True
PR019,2026-09-07,False
PR019,2026-09-08,True
PR019,2026-09-09,False
PR019,2026-09-10,True
PR019,2026-09-11,True
PR019,2026-09-12,True
PR019,2026-09-13,True
PR019,2026-09-14,True
PR019,2026-09-15,True
PR019,2026-09-16,True
PR019,2026-09-17,True
PR019,2026-09-18,True
PR019,2026-09-19,True
PR019,2026-09-20,False
PR019,2026-09-21,True
PR019,2026-09-22,False
PR019,2026-09-23,False
PR019,2026-09-24,True
PR019,2026-09-25,True
PR019,2026-09-26,True
PR019,2026-09-27,True
PR019,2026-09-28,True
PR019,2026-09-29,True
PR019,2026-09-30,True
PR019,2026-10-01,True
PR019,2026-10-02,True
PR019,2026-10-03,True
PR019,2026-10-04,True
PR019,2026-10-05,True
PR019,2026-10-06,True
PR019,2026-10-07,True
PR019,2026-10-08,True
PR019,2026-10-09,True
PR019,2026-10-10,False
PR019,2026-10-11,True
PR019,2026-10-12,True
PR019,2026-10-13,True
PR019,2026-10-14,True
PR019,2026-10-15,True
PR019,2026-10-16,True
PR019,2026-10-17,True
PR019,2026-10-18,True
PR019,2026-10-19,True
PR019,2026-10-20,True
PR019,2026-10-21,True
PR019,2026-10-22,True
PR019,2026-10-23,True
PR019,2026-10-24,True
PR019,2026-10-25,True
PR019,2026-10-26,True
PR019,2026-10-27,True
PR019,2026-10-28,True
PR020,2026-08-30,False
PR020,2026-08-31,True
PR020,2026-09-01,False
PR020,2026-09-02,False
PR020,2026-09-03,True
PR020,2026-09-04,False
PR020,2026-09-05,False
PR020,2026-09-06,False
PR020,2026-09-07,False
PR020,2026-09-08,False
PR020,2026-09-09,False
PR020,2026-09-10,False
PR020,2026-09-11,False
PR020,2026-09-12,False
PR020,2026-09-13,False
PR020,2026-09-14,False
PR020,2026-09-15,True
PR020,2026-09-16,False
PR020,2026-09-17,False
PR020,2026-09-18,True
PR020,2026-09-19,False
PR020,2026-09-20,True
PR020,2026-09-21,True
PR020,2026-09-22,False
PR020,2026-09-23,True
PR020,2026-09-24,False
PR020,2026-09-25,False
PR020,2026-09-26,True
PR020,2026-09-27,True
PR020,2026-09-28,True
PR020,2026-09-29,False
PR020,2026-09-30,False
PR020,2026-10-01,False
PR020,2026-10-02,True
PR020,2026-10-03,False
PR020,2026-10-04,False
PR020,2026-10-05,False
PR020,2026-10-06,True
PR020,2026-10-07,False
PR020,2026-10-08,False
PR020,2026-10-09,False
PR020,2026-10-10,True
PR020,2026-10-11,False
PR020,2026-10-12,False
PR020,2026-10-13,True
PR020,2026-10-14,False
PR020,2026-10-15,False
PR020,2026-10-16,True
PR020,2026-10-17,True
PR020,2026-10-18,False
PR020,2026-10-19,True
PR020,2026-10-20,False
PR020,2026-10-21,True
PR020,2026-10-22,False
PR020,2026-10-23,True
PR020,2026-10-24,False
PR020,2026-10-25,False
PR020,2026-10-26,False
PR020,2026-10-27,False
PR020,2026-10-28,True
